Date,Time,User,Hashtag
20-03-20,18:21:21,site.na.zakaz,landingpage
20-03-20,18:21:27,touchesoft,landingpage
20-03-20,18:21:31,ui_migulko,landingpage
20-03-20,18:21:39,qab.i,landingpage
20-03-20,18:21:52,ui_migulko,landingpage
20-03-20,18:21:58,shopimakers,landingpage
20-03-20,18:22:13,angelratedhq,landingpage
20-03-20,18:22:21,servigraph_chile,landingpage
20-03-20,18:22:32,welovewebdesign,ui
20-03-20,18:22:36,ux_trends,ui
20-03-20,18:22:41,thedesigntalks,ui
20-03-20,18:22:50,thedesigntalks,ui
20-03-20,18:22:56,thedesigntalks,ui
20-03-20,18:23:04,ui.sia,ui
20-03-20,18:23:09,araltasher,ui
20-03-20,18:23:16,orizon.design,ui
20-03-20,18:23:21,dailywebdesign,ui
20-03-20,18:23:28,cv_fitra,ui
20-03-20,18:23:42,ui_gradient,uitrends
20-03-20,18:23:50,shopimakers,uitrends
20-03-20,18:23:56,uxcel.app,uitrends
20-03-20,18:24:02,dailyvote.webdesign,uitrends
20-03-20,18:24:07,dope.motions,uitrends
20-03-20,18:24:12,uiuxsupply,uitrends
20-03-20,18:24:18,ui_gradient,uitrends
20-03-20,18:24:26,appliedinsights,uitrends
20-03-20,18:24:34,abdulldsgnr,uitrends
20-03-20,18:24:42,designbridgeghana,uitrends
20-03-20,18:24:47,purrweb_design,uitrends
20-03-20,18:24:51,khoithien.uiux,uitrends
20-03-20,18:25:28,theuiuxcollective,ux
20-03-20,18:25:37,uxuistack,ux
20-03-20,18:25:44,satisfied_user,ux
20-03-20,18:25:50,richardbusato,ux
20-03-20,18:25:57,ui_migulko,ux
20-03-20,18:26:03,bmkrs.global,ux
20-03-20,18:26:10,elwiuzh,ux
20-03-20,18:26:14,moisomekoti,ux
20-03-20,18:26:37,uxcel.app,uxtrends
20-03-20,18:26:45,uxcel.app,uxtrends
20-03-20,18:27:06,uxcel.app,uxtrends
20-03-20,18:27:10,uxcel.app,uxtrends
20-03-20,18:27:23,uxcel.app,uxtrends
20-03-20,18:27:29,wolfxdigitalagency,uxtrends
20-03-20,18:27:34,ui.martina,uxtrends
20-03-20,18:27:42,madcap_designs,uxtrends
20-03-20,18:27:57,dev_girls,uidesign
20-03-20,18:28:23,dev_girls,uidesign
20-03-20,18:28:41,uiuxunlimited,uidesign
20-03-20,18:28:46,ui_champ,uidesign
20-03-20,18:28:51,iamoluwasonjo,uidesign
20-03-20,18:28:57,sarahdesignlife,uidesign
20-03-20,18:29:01,webdesignmode,uidesign
20-03-20,18:29:06,ui8net,uidesign
20-03-20,18:29:21,uxdiamond,uxdesign
20-03-20,18:29:58,designershumor,uxdesign
20-03-20,18:30:02,uiuxmobile,uxdesign
20-03-20,18:30:15,moonfarmerhq,uxdesign
20-03-20,18:30:19,uxbenign,uxdesign
20-03-20,18:30:25,thecodingroom,uxdesign
20-03-20,18:30:36,welovewebdesign,userinterface
20-03-20,18:30:51,uxbrainy,userinterface
20-03-20,18:31:24,thedesigntalks,userinterface
20-03-20,18:31:32,designersbookshopwebdesign,userinterface
20-03-20,18:31:45,slidebird_webstories,userinterface
20-03-20,18:31:58,abroyatdesigns,userinterface
20-03-20,18:32:34,pixelwebworks,graphicdesignui
20-03-20,18:32:39,theuiuxcollective,graphicdesignui
20-03-20,18:32:54,appliedinsights,graphicdesignui
20-03-20,18:32:58,uidesignpro,graphicdesignui
20-03-20,18:33:09,heuriocards,graphicdesignui
20-03-20,18:33:19,murielimfeld.design,graphicdesignui
20-03-20,18:33:25,murielimfeld.design,graphicdesignui
14-03-20,17:12:36,getcraftwork,landingpage
14-03-20,17:14:43,ismail_elazizi,uxtrends
14-03-20,17:15:11,webdesign.uiux,uidesign
14-03-20,17:15:16,uiuxdailydesign,uidesign
14-03-20,17:16:56,appliedinsights,graphicdesignui
2020-03-21,10:26:55,getcraftwork,landingpage
2020-03-21,10:27:51,getcraftwork,landingpage
2020-03-21,10:28:12,dashka.happy,landingpage
2020-03-21,10:28:29,thebigddesigns,landingpage
2020-03-21,10:28:54,trandesign91,landingpage
2020-03-21,10:29:09,imadconsulting,landingpage
2020-03-21,10:29:56,ui_gradient,ui
2020-03-21,10:30:12,uiuxmobile,ui
2020-03-21,10:31:02,ui_gradient,ui
2020-03-21,10:31:22,dailywebdesign,ui
2020-03-21,10:32:18,ellen_webdesing,ui
2020-03-21,10:32:42,terkel_halepa,ui
2020-03-21,10:32:56,mamad_designs,ui
2020-03-21,10:33:21,mamad_designs,ui
2020-03-21,10:35:09,design.bot,uitrends
2020-03-21,10:35:23,uxcel.app,uitrends
2020-03-21,10:36:08,dailyuix,uitrends
2020-03-21,10:36:26,eskorwerbeagentur,uitrends
2020-03-21,10:37:04,ui.interceptor,uitrends
2020-03-21,10:37:16,dailyux12,uitrends
2020-03-21,10:37:46,anita.heavey,ux
2020-03-21,10:40:40,shaghfforsoftware,ux
2020-03-21,10:41:05,uiuxsupply,ux
2020-03-21,10:43:13,farzan90.design,uxtrends
2020-03-21,10:44:14,slz.ui,uxtrends
2020-03-21,10:44:33,klvncruger,uxtrends
2020-03-21,10:44:56,moisomekoti,uxtrends
2020-03-21,10:45:15,srfrank__,uxtrends
2020-03-21,10:45:45,comment_sense,uidesign
2020-03-21,10:46:34,coolors.co,uidesign
2020-03-21,10:48:21,interfacehub,uidesign
2020-03-21,10:48:42,zeal_ie,uidesign
2020-03-21,10:48:58,hioe.agency,uidesign
2020-03-21,10:51:54,ux_vision,uxdesign
2020-03-21,10:52:12,uxgoodies,uxdesign
2020-03-21,10:52:46,innovative_coder,uxdesign
2020-03-21,10:53:05,ux_meta,uxdesign
2020-03-21,10:56:25,uiuxcollective,userinterface
2020-03-21,10:58:48,interaction_design_foundation,graphicdesignui
2020-03-21,10:59:27,inspirationfordesigners,graphicdesignui
2020-03-21,11:00:15,tommythegod.cc,graphicdesignui
2020-03-21,11:00:28,stockmediaindia,graphicdesignui
2020-03-21,11:00:46,stockmediaindia,graphicdesignui
2020-04-10,10:41:29,uxmartin,landingpage
2020-04-10,10:41:45,designer.chernoova,landingpage
2020-04-10,10:42:07,teamui_in,landingpage
2020-04-10,10:42:20,teamui_in,landingpage
2020-04-10,10:42:32,khablovushka,landingpage
2020-04-10,10:42:54,web.talk,landingpage
2020-04-10,10:43:16,pixelwebworks,landingpage
2020-04-10,10:43:59,teamui_in,landingpage
2020-04-10,10:44:22,ar.web.design,landingpage
2020-04-10,10:44:50,is_gorelov,landingpage
2020-04-10,10:45:13,leadoroob,landingpage
2020-04-10,11:11:54,smm.targeting.pro,landingpage
2020-04-10,11:12:11,malachite.agency,landingpage
2020-04-10,11:12:23,sxvandro,landingpage
2020-04-10,11:12:51,ui_gradient,ui
2020-04-10,11:13:05,brand0ngr0ce,ui
2020-04-10,11:13:23,welovewebdesign,ui
2020-04-10,11:13:39,uiuxmobile,ui
2020-04-10,11:14:01,welovewebdesign,ui
2020-04-10,11:14:14,welovewebdesign,ui
2020-04-10,11:14:31,thedesigntalks,ui
2020-04-10,11:14:44,thedesigntalks,ui
2020-04-10,11:15:03,universeofprogrammers,ui
2020-04-10,11:15:22,seanobriendesign,ui
2020-04-10,11:15:37,wildeamsterdam,ui
2020-04-10,11:16:41,ultimateuiux,uitrends
2020-04-10,11:16:58,ui_gradient,uitrends
2020-04-10,11:17:17,mixwebdesign,uitrends
2020-04-10,11:17:32,ui_gradient,uitrends
2020-04-10,11:17:47,dailyappdesigns,uitrends
2020-04-10,11:18:08,uipattern,uitrends
2020-04-10,11:18:23,brand0ngr0ce,uitrends
2020-04-10,11:18:44,ux.saurabh,uitrends
2020-04-10,11:19:00,squadlab.ux,uitrends
2020-04-10,11:19:12,ui.nibbles,uitrends
2020-04-10,11:19:29,ui.interceptor,uitrends
2020-04-10,11:21:19,chicacode,ux
2020-04-10,11:21:57,audiophiletechnology,ux
2020-04-10,11:22:15,thedesigntalks,ux
2020-04-10,11:22:29,iamkurbatov,ux
2020-04-10,11:23:01,uxgoodies,uxtrends
2020-04-10,11:23:36,mikevdijssel,uxtrends
2020-04-10,11:23:58,badbad_ux,uxtrends
2020-04-10,11:24:10,halolabteam,uxtrends
2020-04-10,11:24:30,the.digitalpanda,uxtrends
2020-04-10,11:24:44,iksan.hafidho,uxtrends
2020-04-10,11:24:59,_digipartner_,uxtrends
2020-04-10,11:25:14,ali.designs_,uxtrends
2020-04-10,11:25:33,uxthoughts,uxtrends
2020-04-10,11:25:49,webdesignonly,uxtrends
2020-04-10,11:26:04,how.do.ux,uxtrends
2020-04-10,11:27:34,uxdesignday,uidesign
2020-04-10,11:28:31,alatli,uidesign
2020-04-10,11:29:16,surajbutola.7500,uidesign
2020-04-10,11:30:51,ui_gradient,uxdesign
2020-04-10,11:31:06,tino.agency,uxdesign
2020-04-10,11:31:59,designershumor,uxdesign
2020-04-10,11:32:17,singhai_riya,uxdesign
2020-04-10,11:32:39,ui_daily_inspiration,uxdesign
2020-04-10,11:33:02,framcreativesolutions,uxdesign
2020-04-10,11:33:17,ui.designed,uxdesign
2020-04-10,11:34:16,artur.maizelev,userinterface
2020-04-10,11:35:10,fetux.id,userinterface
2020-04-10,11:35:47,mikevdijssel,userinterface
2020-04-10,11:36:22,yueyueguy,userinterface
2020-04-10,11:36:45,yueyueguy,userinterface
2020-04-10,11:37:00,fab.viola,userinterface
2020-04-10,11:37:48,designby_luis,graphicdesignui
2020-04-10,11:38:10,interaction_design_foundation,graphicdesignui
2020-04-10,11:38:22,appliedinsights,graphicdesignui
2020-04-10,11:38:55,voyazio,graphicdesignui
2020-04-10,11:39:13,moisomekoti,graphicdesignui
2020-04-10,11:39:34,bojanovakovic,graphicdesignui
2020-04-10,11:39:46,kalypsodesigns,graphicdesignui
2020-04-10,11:40:09,msdesigns_,graphicdesignui
2020-04-10,11:40:22,logotype.jpg,graphicdesignui
2020-04-10,11:40:39,fetux.id,graphicdesignui
2020-04-10,11:40:55,czdddesign,graphicdesignui
2020-04-10,11:41:13,squarelism,graphicdesignui
2020-04-10,11:41:35,arun_candy_boi,graphicdesignui
